PF-07-066-01-LIB,Cited by: 11  Impact Factor: 5.621
RSG-11-057-01-LIB,Cited by: 6  Impact Factor: -
RPG-98-050-01-CSM,Cited by: 109  Impact Factor: 10.822
RPG-00-307-01-TBE,Cited by: 28  Impact Factor: 5.87
RSG-06-039-01-GMC,Cited by: 0  Impact Factor: 3.02
PTAPM-97-185-04,Cited by: 53  Impact Factor: 2.08
RSG-12-131-01-CCG,Cited by: 4  Impact Factor: 11.902
RSG-06-209-01-LR,Cited by: 157  Impact Factor: 5.87
RSG-08-148-01-CPPB,Cited by: 3  Impact Factor: -
RPG-92-014-05,Cited by: 108  Impact Factor: 10.822
IRG 85-001-22,Cited by: 5  Impact Factor: 2.464,Cited by: 2  Impact Factor: 6.636
MRSGT-05-214-01-CPPB,Cited by: 17  Impact Factor: 2.761
RSG-02-179-MGO to AMC,Cited by: 25  Impact Factor: 5.082
RPG-00-339,Cited by: 52  Impact Factor: 2
RPG-93-013-05,Cited by: 111  Impact Factor: 10.822
PF0711401,Cited by: 111  Impact Factor: 10.822
RPG-98-273-01-TBE,Cited by: 91  Impact Factor: 13.214
RSG-10-188-01-TBE,Cited by: 2  Impact Factor: 6.23
TURSG-02-068-01-PBP,Cited by: 25  Impact Factor: 3.33
PF-4198,Cited by: 179  Impact Factor: 10.822
RSGT-07-011-01-CPHPS,Cited by: 0  Impact Factor: -
RPG-98-046-CCG,Cited by: 125  Impact Factor: 10.822
AC-04-02,Cited by: 377  Impact Factor: 13.214
RSG-06-110-01,Cited by: 0  Impact Factor: -
RSG-04-220-01-CCE,Cited by: 26  Impact Factor: 5.87
RSGHP PBP-105710,Cited by: 26  Impact Factor: 4.9427
PF-99-336-01-CIM,Cited by: 260  Impact Factor: 10.822,Cited by: 184  Impact Factor: 10.822
RSG-02-173-01-LIB,Cited by: 36  Impact Factor: 5.13
PF-3608,Cited by: 185  Impact Factor: 10.822
CB-106,Cited by: 81  Impact Factor: 10.822
PF-05-121-01-DDC,Cited by: 25  Impact Factor: 8.278
RPG-95-027-04,Cited by: 3  Impact Factor: 13.214
TURSG-03-152-01-CCE,Cited by: 19  Impact Factor: 2.062
IRG-85-001-19,Cited by: 34  Impact Factor: 7.357
RSG-12-230-01-TBG,Cited by: 7  Impact Factor: 2.464
RSG-05-137-01-MCB,Cited by: 71  Impact Factor: 8.278
PF-10-015-01-CDD,Cited by: 6  Impact Factor: 6.142
PF-01-236-01-GMC,Cited by: 55  Impact Factor: 11.902
RSG-05-118-01-CSM,Cited by: 223  Impact Factor: 3.972
IRG-91-022-09,Cited by: 9  Impact Factor: 3.02,Cited by: 4  Impact Factor: 1.776,Cited by: 5  Impact Factor: 3.33,Cited by: 6  Impact Factor: 3.33
PF-09-124-01-DDC,Cited by: 35  Impact Factor: 38.597
RSG-08-137-01-CNE,Cited by: 10  Impact Factor: 7.357
RPG-98-109-TBE,Cited by: 435  Impact Factor: 10.822
RSG-07-183-01-DDC,Cited by: 318  Impact Factor: 7.524,Cited by: 40  Impact Factor: 7.357,Cited by: 78  Impact Factor: 7.357
RSG-05-037-01-CCE,Cited by: 52  Impact Factor: 5.082
RSG-12-144-01-CCE,Cited by: 4  Impact Factor: -
RPG-98-076-01-GMC,Cited by: 156  Impact Factor: 10.822
MRSG-06-193-01-TBE,Cited by: 10  Impact Factor: 5.13,Cited by: 4  Impact Factor: 2.685
RSG-10-072-01-TBG,Cited by: 1  Impact Factor: 6.636
RSG-05-028-01,Cited by: 33  Impact Factor: 10.822
PF-04-072-01-TBE,Cited by: 386  Impact Factor: 10.822
RPG-98-177-01-CDD,Cited by: 57  Impact Factor: 10.822
RSG-01-050-01-GMC,Cited by: 103  Impact Factor: 10.822
RSG-10-121-01,Cited by: 9  Impact Factor: -,Cited by: 11  Impact Factor: 7.357
RSG-04-021-01-CCG,Cited by: 79  Impact Factor: 10.822
RSG-10-067-01-TBE,Cited by: 0  Impact Factor: 2.927,Cited by: 28  Impact Factor: 7.357
RGS-12-059-01-DCC,Cited by: 21  Impact Factor: 38.597
PF-12-135-01-CSM,Cited by: 2  Impact Factor: 10.822
IRG-92-027-14,Cited by: 104  Impact Factor: 5.87
RPG-99-262-01-GMC,Cited by: 25  Impact Factor: 10.822
IRG-92-027-16,Cited by: 23  Impact Factor: 10.822
RSG-01-254-ECG,Cited by: 68  Impact Factor: 10.822
RSG CSM-107144,Cited by: 0  Impact Factor: 2.464
PF-04-103-01-CSM,Cited by: 38  Impact Factor: 10.822
RSG-03-245-01-CSM,Cited by: 89  Impact Factor: 10.822
RPG-99-173-01,Cited by: 123  Impact Factor: 3.02,Cited by: 132  Impact Factor: 8.278,Cited by: 121  Impact Factor: 8.278
RPG-97-134-01-MBC,Cited by: 104  Impact Factor: 13.214
RSGT-01-024-04-CPHPS,Cited by: 68  Impact Factor: 5.082,Cited by: 21  Impact Factor: 5.082
RSG-05-158-01-TBE,Cited by: 86  Impact Factor: 10.822
RSG-08-293-01-CCG,Cited by: 4  Impact Factor: 7.357
IRG 58-005-40,Cited by: 80  Impact Factor: 5.87
IRG-98-275-01,Cited by: 56  Impact Factor: 2.13
RSG-03-048-01,Cited by: 68  Impact Factor: 10.822,Cited by: 24  Impact Factor: 10.822,Cited by: 16  Impact Factor: 10.822
RPG-00-110-01-MGO,Cited by: 87  Impact Factor: 10.822,Cited by: 73  Impact Factor: 10.822
DB-89A,Cited by: 77  Impact Factor: 10.822
RSG-0813301CDD,Cited by: 4  Impact Factor: 2.881
IRG-58-009-50-MRF,Cited by: 11  Impact Factor: 3.961
RPG99-211-01-MBC,Cited by: 163  Impact Factor: 10.822
RSG-09-058-01-GMC,Cited by: 1  Impact Factor: 14.103
RPG-99-233-01-CIM,Cited by: 163  Impact Factor: 10.822
IRG-78-002-33,Cited by: 2  Impact Factor: 12.062
IRG-78-002-30,Cited by: 14  Impact Factor: 10.822,Cited by: 35  Impact Factor: 11.902,Cited by: 32  Impact Factor: 7.357
RPG-98-183-01,Cited by: 65  Impact Factor: 2.61
PF-00-017-01-LBC,Cited by: 443  Impact Factor: 13.214
PF-12-129-01-CCG,Cited by: 2  Impact Factor: -
RSG-08-187-01-LIB,Cited by: 11  Impact Factor: 3.925
RSG-11-266-01-CCE,Cited by: 1  Impact Factor: -,Cited by: 13  Impact Factor: -
RPG-99-180-0,Cited by: 187  Impact Factor: 10.822
PF-07-264-01,Cited by: 151  Impact Factor: -
PF-07-103-01-CSM,Cited by: 2  Impact Factor: 1.19,Cited by: 27  Impact Factor: 10.822
RSG-01-221-01-PBP,Cited by: 2  Impact Factor: -
IRG-73-001-31,Cited by: 22  Impact Factor: 3.02
RSG-99-081-01-LIB,Cited by: 17  Impact Factor: -,Cited by: 13  Impact Factor: 3.33
RSG-CCG-122517,Cited by: 0  Impact Factor: -
PF-09-018-01-CNE,Cited by: 17  Impact Factor: 10.015
RSG-08-042-01-DDC,Cited by: 5  Impact Factor: -
IRG-58-010-50,Cited by: 0  Impact Factor: 2.606,Cited by: 26  Impact Factor: 2.81
IRG-58-010-52,Cited by: 168  Impact Factor: 38.597
PF-08-166-01-GMC,Cited by: 7  Impact Factor: 2.234
CCCDA-10-084-01,Cited by: 1  Impact Factor: -
RSG-10-140-01,Cited by: 22  Impact Factor: 7.357
RSG-06-142-01-CSM,Cited by: 46  Impact Factor: 10.822,Cited by: 55  Impact Factor: 13.214
RSG-02-035-01-CCG,Cited by: 22  Impact Factor: 10.822
PF-08-261-01-TBE,Cited by: 263  Impact Factor: 38.597,Cited by: 36  Impact Factor: 38.597
LIB-106810,Cited by: 5  Impact Factor: 3.46
RPG-00-265-01-GMC,Cited by: 67  Impact Factor: 8.278,Cited by: 398  Impact Factor: 8.278
RSG-96-104-06,Cited by: 9  Impact Factor: 13.214
IRG-92-032-13,Cited by: 11  Impact Factor: 3.363,Cited by: 22  Impact Factor: 2.88
RSG-08-115-01-CCE,Cited by: 3  Impact Factor: 6.193,Cited by: 3  Impact Factor: 6.193
RSG-06-165-01-GMC,Cited by: 50  Impact Factor: 11.902
RPG-97-098-04-CCG,Cited by: 57  Impact Factor: 10.822
RPG-96-021-04-CSM,Cited by: 10  Impact Factor: 10.822
RSG-09-277-01-CSM,Cited by: 162  Impact Factor: 38.597
CCE-02-153-01,Cited by: 79  Impact Factor: 8.278
RSGPB-05-236-01-CPPB,Cited by: 21  Impact Factor: 3.57
GSCNP-10-218-01-SCN,Cited by: 0  Impact Factor: -
PF-08-256-01-GMC,Cited by: 1  Impact Factor: 5.839
IRG-72-001-27-IRG,Cited by: 41  Impact Factor: 2.699,Cited by: 11  Impact Factor: -
RSGGMC-112251,Cited by: 422  Impact Factor: 12.948
RSGPB-09-157-01-CPPB,Cited by: 4  Impact Factor: -,Cited by: 2  Impact Factor: -
RSG-10-193-01-TBG,Cited by: 6  Impact Factor: -,Cited by: 11  Impact Factor: 7.357
RSG-01-099-01-CSM,Cited by: 114  Impact Factor: 13.214
PF-11-178-01-TBE,Cited by: 163  Impact Factor: 38.597,Cited by: 24  Impact Factor: 11.902
RSGT-07-291-01-CPHPS,Cited by: 28  Impact Factor: -
RPG-96-070-07-CIM,Cited by: 59  Impact Factor: 3.33
CB-106  FRA-442,Cited by: 630  Impact Factor: 10.822
PF-02-128-01-MBC,Cited by: 100  Impact Factor: 2.73
PF-10-134-01-CCG,Cited by: 46  Impact Factor: 23.565
IRG 74-001-31,Cited by: 27  Impact Factor: 10.822
RPG-95-010-04-CSM,Cited by: 262  Impact Factor: 10.822
CN-158,Cited by: 12  Impact Factor: 2
RSG-05-145-01-LIB,Cited by: 23  Impact Factor: 5.87
RPG-97-141-01-PBP,Cited by: 77  Impact Factor: 2.08
RSG-DDC-112979,Cited by: 38  Impact Factor: 2.73
PF-12-052-01-CSM,Cited by: 15  Impact Factor: 13.214
IRG-07-06401,Cited by: 76  Impact Factor: 35.209
RPG-96-101-03-CSM,Cited by: 118  Impact Factor: 10.822
RSG-06-117-01,Cited by: 17  Impact Factor: 21.757
IRG 97-219-08,Cited by: 8  Impact Factor: 4.4
RSG0404251,Cited by: 30  Impact Factor: 15.28
RSG0618801MGO,Cited by: 26  Impact Factor: -
RSG-13-052-01-MPC,Cited by: 2  Impact Factor: 10.015
PF-05-175-01-TBE,Cited by: 190  Impact Factor: 5.082
RSG-04-219-01-CCE,Cited by: 28  Impact Factor: 3.02
RSG-02-039-01-CSM,Cited by: 43  Impact Factor: 10.822,Cited by: 41  Impact Factor: 10.822
TBE-114083,Cited by: 57  Impact Factor: 10.822
RSG-09-017-01,Cited by: 4  Impact Factor: 21.757
RSG-06-162-01-GMC,Cited by: 95  Impact Factor: 38.597
PF-09-136-01-RMC,Cited by: 70  Impact Factor: 38.597
RSG-04-050-01-GMC,Cited by: 6  Impact Factor: 2.8,Cited by: 4  Impact Factor: 8.278,Cited by: 31  Impact Factor: 8.278,Cited by: 29  Impact Factor: 8.278,Cited by: 44  Impact Factor: 8.278
RSG-03-140-01-CNE,Cited by: 88  Impact Factor: 1.776
RSG-12-059-01-DDC,Cited by: 0  Impact Factor: 10.015
PF-11-067-01-TBE,Cited by: 6  Impact Factor: 7.357
MSRG-12-034-01-CCE,Cited by: 4  Impact Factor: 7.806
PF-10-258-01-MPC,Cited by: 22  Impact Factor: 5.442
CCCDA-00-180-01,Cited by: 13  Impact Factor: 1.61
RSG-07-083-01-MGO,Cited by: 14  Impact Factor: 4.4
RSG-10-126-01-CCE,Cited by: 1  Impact Factor: 6.636,Cited by: 12  Impact Factor: 6.636,Cited by: 87  Impact Factor: 6.636,Cited by: 6  Impact Factor: 6.636,Cited by: 1  Impact Factor: 6.636
RPG-98-109-01-TBE,Cited by: 76  Impact Factor: 10.822
RSG-04-052-01-GMC,Cited by: 36  Impact Factor: 10.822
RSG-01-064-01-CSM,Cited by: 759  Impact Factor: 10.822
RPG-99-194-04-GMC,Cited by: 7  Impact Factor: 3.1
BE232,Cited by: 111  Impact Factor: 10.822
RPG-99-183-01-CCE,Cited by: 57  Impact Factor: 5.13
DDC-105895,Cited by: 35  Impact Factor: 10.822
RPG 83821,Cited by: 50  Impact Factor: 2.14
IRG-97-149,Cited by: 32  Impact Factor: 2.09
RSG-00-061-04-CCE,Cited by: 23  Impact Factor: 5.87,Cited by: 44  Impact Factor: 3.33
RSG-03-070-01-MGO,Cited by: 22  Impact Factor: 2.714
RSGT-08-009-01-CPHPS,Cited by: 7  Impact Factor: -
PF-06-252-01-MGO,Cited by: 42  Impact Factor: 5.87
RSG-12-085-01,Cited by: 0  Impact Factor: -
RSG-02-035-05-CCG,Cited by: 96  Impact Factor: 10.822,Cited by: 22  Impact Factor: 10.822,Cited by: 7  Impact Factor: 10.822
PF-10-057-01-MPC,Cited by: 12  Impact Factor: 5.621
PF-05-048-01-GMC,Cited by: 10  Impact Factor: 3.02,Cited by: 10  Impact Factor: 3.02
RSG-02-179-01,Cited by: 119  Impact Factor: 4.4
RSG-01-184-01-TBE,Cited by: 31  Impact Factor: 2.81
RSG-05-034-01-CSM,Cited by: 43  Impact Factor: 6.128
RPG-99-181-01,Cited by: 57  Impact Factor: 5.87
IRG-82-003-22,Cited by: 13  Impact Factor: 5.082
IRG-82-003-27,Cited by: 33  Impact Factor: 35.209
IRG-82-003-26,Cited by: 4  Impact Factor: 10.822
PF-99-125-01-CIM,Cited by: 54  Impact Factor: 13.214
RSG-06-122-01-CNE,Cited by: 28  Impact Factor: -
RSG-07-289-01-GMC,Cited by: 63  Impact Factor: 10.353
MRSGT-05-194-01-CPHPS,Cited by: 41  Impact Factor: 2.761
RPG CSM-100348,Cited by: 305  Impact Factor: 10.822
RSG-08-117-01-CCE,Cited by: 13  Impact Factor: 3.176,Cited by: 3  Impact Factor: 2.881
RSG-08-03-01-CSM,Cited by: 0  Impact Factor: 6.193,Cited by: 15  Impact Factor: 7.357
JFRA-314,Cited by: 91  Impact Factor: 10.822
RSG-09-282-01-CSM,Cited by: 22  Impact Factor: 6.636
RP-10-033-01-CCE,Cited by: 22  Impact Factor: 5.082,Cited by: 6  Impact Factor: -,Cited by: 6  Impact Factor: -
PF-08-257-01-CSM,Cited by: 12  Impact Factor: 4.469,Cited by: 79  Impact Factor: 7.524
RSG-09-175-01-CCE,Cited by: 14  Impact Factor: -,Cited by: 56  Impact Factor: 1.836
MSRGT-07-168-01-CPPB,Cited by: 14  Impact Factor: -
RSG-08-291-01-LIB,Cited by: 18  Impact Factor: 7.357
RPG-00-340-01-CSM,Cited by: 25  Impact Factor: 1.776
RGS-04-078-01-TBE,Cited by: 108  Impact Factor: 10.822
TURPG-00-129-01-PBP,Cited by: 264  Impact Factor: 1.585
RPG-00-096-01,Cited by: 53  Impact Factor: 2.61
RPG-97-163-04-CSM,Cited by: 148  Impact Factor: 10.822
RSG LIB-101051,Cited by: 35  Impact Factor: 12.69
01-221-01-PBP,Cited by: 0  Impact Factor: -
JFRA-635,Cited by: 184  Impact Factor: 10.822
IRG-93-037-09,Cited by: 44  Impact Factor: 10.822
RSG-07-035-01-CCG,Cited by: 68  Impact Factor: 5.442
RSG-04-077-01-TBE,Cited by: 18  Impact Factor: 2.699
PF-12-078-01-RMC,Cited by: 13  Impact Factor: 20.767
IRG 85-001-13-IRG,Cited by: 183  Impact Factor: 10.822
RSG-06-196-01-TBE,Cited by: 19  Impact Factor: 11.34
RSG-12-196-01-TBG,Cited by: 3  Impact Factor: 2.464
RPG-95-076-04-MGO,Cited by: 39  Impact Factor: 2.88
PTAPM-01-085-01,Cited by: 37  Impact Factor: 1.6
IRG-58-010-44,Cited by: 171  Impact Factor: 13.214
RSG-02-024-01-CDD,Cited by: 17  Impact Factor: 5.13
IRG 58-012-45,Cited by: 54  Impact Factor: 3.02
ACS-IRG #70-002,Cited by: 42  Impact Factor: 13.214
RSG-08-067-01-LIB,Cited by: 38  Impact Factor: 12.948
IRG-58-005-40,Cited by: 5  Impact Factor: 2.81
IRG-58-005-41,Cited by: 223  Impact Factor: 5.082
PF0523501,Cited by: 14  Impact Factor: 3.46
RSG-03-147-01-CSM,Cited by: 22  Impact Factor: -
RSG-07-005-01,Cited by: 52  Impact Factor: 4.187,Cited by: 43  Impact Factor: 8.278,Cited by: 67  Impact Factor: 8.278
RSGM-10-189-01-TBE,Cited by: 0  Impact Factor: -,Cited by: 0  Impact Factor: 2.234
RSG-04-019-01-CNE,Cited by: 45  Impact Factor: 5.87
RPG-98-046-01-CCG,Cited by: 80  Impact Factor: 10.822
IRG-84-002-22,Cited by: 18  Impact Factor: 6.337
RSG-00-339CSM,Cited by: 275  Impact Factor: 6.68
RSG-09-209 to K.L,Cited by: 14  Impact Factor: -
IRG-98-279-07,Cited by: 6  Impact Factor: 5.621,Cited by: 0  Impact Factor: 5.621
PF-01-092-01-CSM,Cited by: 112  Impact Factor: 10.822,Cited by: 39  Impact Factor: 10.822
IRG-84-002-28,Cited by: 4  Impact Factor: 10.822
RSG-11-175-01-RMC,Cited by: 30  Impact Factor: 38.597
RSG-09-091-01-CSM,Cited by: 1  Impact Factor: 2.927
RSG-08-116-01-CCE,Cited by: 16  Impact Factor: 2.09
RSG-07-082-01-MGO,Cited by: 7  Impact Factor: -
RSG-04-179-01-DDC,Cited by: 10  Impact Factor: 4.604
RSG-10-252-01-TBG,Cited by: 7  Impact Factor: 5.082
IRG-83-006,Cited by: 25  Impact Factor: 3.2
DSW-0321301-SW,Cited by: 24  Impact Factor: 3.57
RSG-12-187-01-RMC,Cited by: 0  Impact Factor: 2.464
CCCDA-02-221-01,Cited by: 14  Impact Factor: 2.761
RSG-11-121-01-CCG,Cited by: 3  Impact Factor: 20.767
PF-4477,Cited by: 126  Impact Factor: 13.214
PF-06-108-01-CCG,Cited by: 92  Impact Factor: 10.822
RSG-02-066-01-MGO,Cited by: 5  Impact Factor: 8.278
RPG-98-036-01-CIM,Cited by: 188  Impact Factor: 13.214
RSG-03-137-01-CDD,Cited by: 9  Impact Factor: 5.082,Cited by: 13  Impact Factor: 3.33
IN-105,Cited by: 77  Impact Factor: 13.214
CB-84,Cited by: 200  Impact Factor: 10.822
IRG-57-001-53,Cited by: 0  Impact Factor: 6.636
PF CPHPS-112124,Cited by: 29  Impact Factor: 1.66
DB-97,Cited by: 43  Impact Factor: 10.822
RSG CCE-108980,Cited by: 14  Impact Factor: 5.87
CNE-111611,Cited by: 41  Impact Factor: 7.357
PF-11-151-01-LIB,Cited by: 2  Impact Factor: 2.945
MRSGT-09-007-01-CPPB,Cited by: 1  Impact Factor: 1.303
RSG-02-162-01-GMC,Cited by: 6  Impact Factor: -
RSG-07-075-01,Cited by: 13  Impact Factor: 4.604
CCCDA-05-162-01,Cited by: 70  Impact Factor: 1.61
RSG-01-147-01-CSM,Cited by: 205  Impact Factor: 10.822
MRSG-08-108-01,Cited by: 3  Impact Factor: 1.19,Cited by: 13  Impact Factor: 7.701
RSG-10-073-01-TBG,Cited by: 3  Impact Factor: -
RSG-06-066-01-MGO,Cited by: 25  Impact Factor: 2.509
RSG-06-110-1-CCG,Cited by: 35  Impact Factor: 10.822
RSG-01-080-01-LIB,Cited by: 314  Impact Factor: 13.214
PFM-11-137-01-DDC,Cited by: 2  Impact Factor: -
PF-11-068-01-TBE,Cited by: 3  Impact Factor: 10.822
RSG-12-175-01,Cited by: 0  Impact Factor: 4.4
PF-11-077-01-CDD,Cited by: 8  Impact Factor: 7.357
IRG 91-021-08,Cited by: 147  Impact Factor: 10.822
RSG-05-207-01-TBE,Cited by: 41  Impact Factor: -
RSG-13-099-01-CCE,Cited by: 0  Impact Factor: 2.927,Cited by: 0  Impact Factor: 7.806,Cited by: 2  Impact Factor: 7.806
PF-06-143-01-DDC,Cited by: 130  Impact Factor: 10.822
MRSGT-08-013-01-CPPB,Cited by: 0  Impact Factor: 1.585
PF-4220,Cited by: 40  Impact Factor: 13.214
CNE-117557,Cited by: 19  Impact Factor: 2.464
RSG-12-013-01-CCG,Cited by: 7  Impact Factor: -,Cited by: 91  Impact Factor: 8.278
SIOP-06-258-01-COUN,Cited by: 10  Impact Factor: 10.015
ACS TURSG-01,Cited by: 83  Impact Factor: 3.58
RSG-06-179-01-MBC,Cited by: 24  Impact Factor: 8.278
PF-10-183-01-TBE,Cited by: 23  Impact Factor: 12.948
RSG-03-086-01,Cited by: 1  Impact Factor: 3.33
PF-07-258-01-CSM,Cited by: 12  Impact Factor: 15.251,Cited by: 53  Impact Factor: 38.597
PF-01-142-01-CCG,Cited by: 55  Impact Factor: 8.278
CA-98-267,Cited by: 656  Impact Factor: 10.822
MRSG-10-110-01-CPPB,Cited by: 3  Impact Factor: -
IM-726,Cited by: 28  Impact Factor: 13.214
PF-04-087-01-LIB,Cited by: 100  Impact Factor: 13.214
IRG-58-007-51,Cited by: 1  Impact Factor: 7.806
PF-06-254-01-CCG,Cited by: 2  Impact Factor: 10.822
RSG-08-068-01,Cited by: 36  Impact Factor: 26.199,Cited by: 76  Impact Factor: 13.214
RSG DDC-112979,Cited by: 119  Impact Factor: 38.597
#85-001-13-IRG,Cited by: 22  Impact Factor: 2.8
RSG-05-116-01-CSM,Cited by: 6  Impact Factor: -,Cited by: 7  Impact Factor: 2.518
IRG-01-188-04,Cited by: 6  Impact Factor: -
RSG-99-153-04-CDD,Cited by: 55  Impact Factor: 8.278
RSG0806801 to I.A.,Cited by: 237  Impact Factor: 24.302
RSG-08-133-01-CDD,Cited by: 3  Impact Factor: -
PF-08-158-01,Cited by: 31  Impact Factor: 20.767
RSG-04-171-01-CCG,Cited by: 38  Impact Factor: 10.822
RSG-05-139-01-GMC,Cited by: 7  Impact Factor: 8.278
RSG-07-156-01-CNE,Cited by: 13  Impact Factor: 7.357,Cited by: 47  Impact Factor: 7.357
RSG-09-075-01-MBC,Cited by: 10  Impact Factor: -
RSG-05-033-01-CSM,Cited by: 89  Impact Factor: 10.822
RSG-02-182-01-MGO,Cited by: 16  Impact Factor: 3.02
#RSG-04-195,Cited by: 127  Impact Factor: 20.767
RSG-08-133-01,Cited by: 0  Impact Factor: -
RSG-08-303-01,Cited by: 151  Impact Factor: 35.209
RSG-10-158-01-LIB,Cited by: 28  Impact Factor: 13.214
RPG-98-333-01-CCE,Cited by: 57  Impact Factor: 5.082
CB-186,Cited by: 65  Impact Factor: 10.822
CB-189,Cited by: 353  Impact Factor: 10.822,Cited by: 146  Impact Factor: 10.822
PF-09-024-01-CCG,Cited by: 5  Impact Factor: 10.015
RPG-99-161-01-CNE,Cited by: 30  Impact Factor: 3.33
PF-02-095-01-CCG,Cited by: 68  Impact Factor: 10.822
RSG0823401GMC,Cited by: 17  Impact Factor: 23.565
RPG-97-026-04-DDC,Cited by: 134  Impact Factor: 10.822
PF-4035,Cited by: 172  Impact Factor: 10.822
RSG-06-102-01-CCE,Cited by: 94  Impact Factor: 5.082
PF-98-149-01,Cited by: 85  Impact Factor: 12.69
RSG-02-147-01,Cited by: 162  Impact Factor: 10.822
RPG-90-013-08-PBP,Cited by: 24  Impact Factor: 5.082
RSG-04-247-01-CDD,Cited by: 8  Impact Factor: 1.776
RSG-08-219-01,Cited by: 26  Impact Factor: 7.357
RPG-97-003-01-BE,Cited by: 114  Impact Factor: 10.822
RSG-04-042-51,Cited by: 53  Impact Factor: 10.822
MRSG-08-018-01-CDD,Cited by: 61  Impact Factor: 5.082
MRSG-12-034-01-CCE,Cited by: 0  Impact Factor: 7.806,Cited by: 10  Impact Factor: 7.806
RPG-97-163-01,Cited by: 110  Impact Factor: 10.822
ROG-06-096-01,Cited by: 43  Impact Factor: 3.33
PF-4444,Cited by: 118  Impact Factor: 10.822
IRG-58-006-44,Cited by: 58  Impact Factor: 2.61
RSG-09-275-01,Cited by: 8  Impact Factor: 6.636
RSG-05-070-01-LIB,Cited by: 35  Impact Factor: 13.214
PF-09-120-01,Cited by: 11  Impact Factor: 1.19,Cited by: 83  Impact Factor: 7.357
PF-07-058-01-GMC,Cited by: 53  Impact Factor: 8.278
RPG-98-288-01-CIM,Cited by: 71  Impact Factor: 13.214
PF-99-018-01-MBC,Cited by: 234  Impact Factor: 8.136
RSG-06-180-01-MBC,Cited by: 1  Impact Factor: -
PF-12-245-01-CCG,Cited by: 40  Impact Factor: 38.597
RGS-09-043-01-DDC,Cited by: 1  Impact Factor: 4.73
IN-122V,Cited by: 213  Impact Factor: 10.822
RSG-08-092-01-CCG,Cited by: 29  Impact Factor: 5.13
RSG-09-076-01-SLU,Cited by: 152  Impact Factor: 24.302
PF-10-239-01-TBG,Cited by: 3  Impact Factor: -
RSG-01-143-01,Cited by: 174  Impact Factor: 10.822
PF-05-225-01-GMC,Cited by: 151  Impact Factor: 38.597
RSG-01-167-01-LIB,Cited by: 106  Impact Factor: 13.214
IRG-95-125-04,Cited by: 158  Impact Factor: 10.822
RSG MGO-105961,Cited by: 18  Impact Factor: 7.357
RSG-01-177-01-MGO,Cited by: 246  Impact Factor: 8.278
RSG-070944-01-CSM,Cited by: 4  Impact Factor: 12.042
MRSG 08-019-01,Cited by: 84  Impact Factor: 10.015
PF-02-121-01,Cited by: 372  Impact Factor: 13.214
RSG GGC 112994,Cited by: 103  Impact Factor: 20.767
RPG-00-237-01-CSM,Cited by: 73  Impact Factor: 10.822
RGS-09-278-01-CSM,Cited by: 6  Impact Factor: -,Cited by: 10  Impact Factor: 10.015,Cited by: 60  Impact Factor: 10.822
RSG-04-191-01,Cited by: 14  Impact Factor: 13.214
PF-04-022-01-CSM,Cited by: 111  Impact Factor: 10.822
CRP-08-229-01,Cited by: 47  Impact Factor: 7.357
RSG-07-040-01,Cited by: 6  Impact Factor: 10.822
PF-02-032-01-CCG,Cited by: 71  Impact Factor: 10.822
MBC-114461,Cited by: 4  Impact Factor: -
CB-80362,Cited by: 126  Impact Factor: 10.822
IM-773,Cited by: 188  Impact Factor: 13.214
RSG-10-059-01-MPC,Cited by: 4  Impact Factor: 2.509
RSG-08-184-01-LIB,Cited by: 6  Impact Factor: 3.637
RSG-07-025-01-CDD,Cited by: 51  Impact Factor: 38.597
RSG0806801,Cited by: 89  Impact Factor: 24.302,Cited by: 89  Impact Factor: 13.214
CRTG-02-245-01-CCE,Cited by: 46  Impact Factor: 2.17
RSG CCG-111381,Cited by: 8  Impact Factor: 7.357
PF-10-053-01-LIB,Cited by: 203  Impact Factor: 13.214
ACS-IRG#103719,Cited by: 11  Impact Factor: 1.41
CB-96,Cited by: 156  Impact Factor: 10.822
CB-97,Cited by: 399  Impact Factor: 10.822,Cited by: 127  Impact Factor: 10.822,Cited by: 444  Impact Factor: 10.822,Cited by: 321  Impact Factor: 10.822
RSG-CSM-116801,Cited by: 2  Impact Factor: -,Cited by: 28  Impact Factor: 7.357
IRG-72-001-32-IRG,Cited by: 76  Impact Factor: 20.767
PF-03-016-01-CSM,Cited by: 42  Impact Factor: 10.822
TURPG-00-286-01,Cited by: 18  Impact Factor: 2.65
RSG-08-307-01-FD,Cited by: 7  Impact Factor: 7.357
PF-05-041-01-DDC,Cited by: 23  Impact Factor: 1.19
IRG #97-152-16-2,Cited by: 134  Impact Factor: 3.393
IRG-78-002-25,Cited by: 73  Impact Factor: 8.278
RSG-09-045-01-DDC,Cited by: 69  Impact Factor: 26.199,Cited by: 48  Impact Factor: 13.214
IRG-78-002-23,Cited by: 64  Impact Factor: 5.87
IRG-78-002-29,Cited by: 2  Impact Factor: 6.636
IM 788,Cited by: 458  Impact Factor: 13.214,Cited by: 74  Impact Factor: 13.214
RSG-09-015-01-CDD,Cited by: 7  Impact Factor: 2.811
RSG-08-303-01-TBE,Cited by: 75  Impact Factor: 6.636
MRSG-06-130-01-CPPB,Cited by: 6  Impact Factor: 4.663,Cited by: 0  Impact Factor: 4.663,Cited by: 10  Impact Factor: 4.663,Cited by: 66  Impact Factor: 4.663,Cited by: 8  Impact Factor: 4.663
MRSG-08-019-01,Cited by: 34  Impact Factor: 3.46
RSG-08-125-01-CCG,Cited by: 29  Impact Factor: 11.902
IRG-92-027-14-JSLW,Cited by: 40  Impact Factor: 5.87
IRG 97-152-17,Cited by: 4  Impact Factor: 3.35
RPG-92-009-06-CB,Cited by: 61  Impact Factor: 10.822
IRG 97-152-11,Cited by: 11  Impact Factor: 5.082
IRG 11-053-01-IRG,Cited by: 85  Impact Factor: 6.636
RSGT-11-010-01-CPPB,Cited by: 0  Impact Factor: 3.92
RSG-07-109-01-CCE,Cited by: 1  Impact Factor: -,Cited by: 61  Impact Factor: 3.115
MRSG-11-019-01-CNE,Cited by: 7  Impact Factor: -,Cited by: 29  Impact Factor: 3.463
RSG-07-276-01-MGO,Cited by: 35  Impact Factor: 5.082,Cited by: 23  Impact Factor: 2.945,Cited by: 34  Impact Factor: 6.636
RSG-09-033-01-CSM,Cited by: 3  Impact Factor: -
RPG-00-122-01-TBE,Cited by: 21  Impact Factor: 5.082
RSC-118760,Cited by: 4  Impact Factor: 3.961
RSG-030158-01-GMC,Cited by: 3  Impact Factor: 2.8
PF-13-046-01-LIB,Cited by: 0  Impact Factor: 2.509
RSG-08-290-01-CCE,Cited by: 19  Impact Factor: 5.082
FRA-442,Cited by: 98  Impact Factor: 10.822
RSG-07-187-01-GMC,Cited by: 21  Impact Factor: 10.822
RSG-090289-01-MPC,Cited by: 0  Impact Factor: 2.509
RSG-09-027-01-CCG,Cited by: 16  Impact Factor: 10.822
RSG-09-070-01-LIB,Cited by: 3  Impact Factor: 1.19
DHP-82594,Cited by: 84  Impact Factor: 13.214
RPG-98-229-01-DDC,Cited by: 112  Impact Factor: 10.822
IRG-09-061-04-IRG,Cited by: 11  Impact Factor: 2.234
RPG-98-348-01-LBC,Cited by: 241  Impact Factor: 13.214
RSG-07-218-01-TBE,Cited by: 3  Impact Factor: 6.636
PF-05-078-01-MGO,Cited by: 1979  Impact Factor: 15.253
PF-06-243-01-CSM,Cited by: 51  Impact Factor: 10.822
JFRA-639 & RPG-99-264,Cited by: 225  Impact Factor: 13.214
RPG-98-057-01-CCR,Cited by: 41  Impact Factor: 6.68
IRG-58-012-51,Cited by: 34  Impact Factor: -
RSG-09-082-01-MGO,Cited by: 5  Impact Factor: 2.464,Cited by: 26  Impact Factor: 7.357
RSG-05-026-01-CCG,Cited by: 80  Impact Factor: 8.278
RSG-11-030-01-CSM,Cited by: 11  Impact Factor: -
MRSG-11-103-01-CPPB,Cited by: 3  Impact Factor: -
RSG-08-135-01-CNE,Cited by: 69  Impact Factor: 3.961,Cited by: 10  Impact Factor: 7.357
IRG-58-007-48,Cited by: 1  Impact Factor: 3.463
RPG-94-023-05,Cited by: 62  Impact Factor: 10.822
IRG-58-007-45,Cited by: 86  Impact Factor: 8.278
IRG-58-007-42,Cited by: 80  Impact Factor: 4.4
MRSGT-05-007-01-CPPB,Cited by: 39  Impact Factor: 1.61,Cited by: 70  Impact Factor: 1.61,Cited by: 7  Impact Factor: 1.61
IRG-58-007-40,Cited by: 24  Impact Factor: 8.278
RSG-99-081-04-LIB,Cited by: 8  Impact Factor: 2.73
RSG-04-187-01-GMC,Cited by: 42  Impact Factor: 8.278
